{
  "MAE": 2.22874734492753,
  "RMSE": 6.97258456458708,
  "MAPE": 32.32967859967121,
  "SMAPE": 111.0695048357107
}